Date,EFA,CSPX.L,Euclidean,Pearson,Cosine,DTW
2019-01-03,-0.009035,-0.0147,0.362113,0.650063,0.650155,0.288771
2019-01-04,0.030621,0.020058,,,,
2019-01-07,0.003839,0.012676,,,,
2019-01-08,0.006485,0.000883,,,,
2019-01-09,0.011234,0.013709,,,,
2019-01-10,0.003921,0.000672,,,,
2019-01-11,-0.006835,0.000672,,,,
2019-01-14,-0.004588,-0.002093,,,,
2019-01-15,0.005267,0.006767,,,,
2019-01-16,0.002784,0.008136,,,,
2019-01-17,0.003592,-0.000117,,,,
2019-01-18,0.010088,0.017625,,,,
2019-01-22,-0.015464,-0.008008,,,,
2019-01-23,0.004581,-0.005292,,,,
2019-01-24,0.00114,0.002097,,,,
2019-01-25,0.011388,0.010811,,,,
2019-01-28,-0.005469,-0.011539,,,,
2019-01-29,0.002264,0.000892,,,,
2019-01-30,0.010973,0.008641,,,,
2019-01-31,0.000479,0.01529,,,,
2019-02-01,-0.000319,0.003973,,,,
2019-02-04,0.003671,0.000641,,,,
2019-02-05,0.007791,0.007608,,,,
2019-02-06,-0.005049,-0.000336,,,,
2019-02-07,-0.013321,-0.014845,,,,
2019-02-08,-0.003214,-0.002315,,,,
2019-02-11,-0.000967,0.009283,,,,
2019-02-12,0.01162,0.011836,,,,
2019-02-13,0.00016,0.003316,,,,
2019-02-14,0.000319,-0.003268,,,,
2019-02-15,0.014511,0.010431,,,,
2019-02-19,0.003772,0.003171,,,,
2019-02-20,0.002819,0.002315,,,,
2019-02-21,-0.00203,-0.002677,,,,
2019-02-22,0.003286,0.00625,,,,
2019-02-25,0.002963,0.00665,,,,
2019-02-26,0.00482,-0.003666,,,,
2019-02-27,-0.004024,-0.005683,,,,
2019-02-28,-0.001398,0.002601,,,,
2019-03-01,0.005446,0.000767,,,,
2019-03-04,-0.003714,-0.000475,,,,
2019-03-05,0.000932,0.000438,,,,
2019-03-06,-0.002483,-0.00482,,,,
2019-03-07,-0.012757,-0.009173,,,,
2019-03-08,0.000158,-0.007443,,,,
2019-03-11,0.008665,0.01567,,,,
2019-03-12,-0.000625,0.007163,,,,
2019-03-13,0.008596,0.006893,,,,
2019-03-14,-0.000155,-0.000616,,,,
2019-03-15,0.010849,0.005727,,,,
2019-03-18,0.003526,-0.000721,,,,
2019-03-19,0.001986,0.008223,,,,
2019-03-20,0.000457,-0.011697,,,,
2019-03-21,-0.00061,0.010243,,,,
2019-03-22,-0.019216,-0.011214,,,,
2019-03-25,0.0014,-0.005109,,,,
2019-03-26,0.004969,0.006774,,,,
2019-03-27,0.000464,-0.006222,,,,
2019-03-28,-0.002471,0.002111,,,,
2019-03-29,0.00418,0.008936,,,,
2019-04-01,0.012797,0.010441,,,,
2019-04-02,0.000304,0.002031,,,,
2019-04-03,0.007761,0.006792,,,,
2019-04-04,-0.002114,-0.00332,,,,
2019-04-05,0.002573,0.005705,,,,
2019-04-08,0.000604,0.0,,,,
2019-04-09,-0.006336,-0.002854,,,,
2019-04-10,0.003795,0.001484,,,,
2019-04-11,-0.002117,0.001623,,,,
2019-04-12,0.006972,0.004227,,,,
2019-04-15,0.000452,0.0,,,,
2019-04-16,0.000752,0.002947,,,,
2019-04-17,0.002856,-0.003707,,,,
2019-04-18,-0.0006,0.000351,,,,
2019-04-23,0.0003,0.010317,,,,
2019-04-24,-0.006898,0.001876,,,,
2019-04-25,-0.000755,-0.002288,,,,
2019-04-26,0.00408,0.000834,,,,
2019-04-29,0.004063,0.004618,,,,
2019-04-30,0.0006,-0.003456,,,,
2019-05-01,-0.005692,0.00541,,,,
2019-05-02,-0.001506,-0.012797,,,,
2019-05-03,0.010712,0.008665,,,,
2019-05-07,-0.028661,-0.01545,,,,
2019-05-08,0.001229,-0.001724,,,,
2019-05-09,-0.004605,-0.015085,,,,
2019-05-10,0.007402,-0.004402,,,,
2019-05-13,-0.023266,-0.005284,,,,
2019-05-14,0.01003,0.011707,,,,
2019-05-15,0.003569,0.001964,,,,
2019-05-16,0.00804,0.013046,,,,
2019-05-17,-0.006595,-0.003237,,,,
2019-05-20,-0.004014,-0.01052,,,,
2019-05-21,0.006666,0.004995,,,,
2019-05-22,-0.004004,-0.000887,,,,
2019-05-23,-0.009122,-0.013821,,,,
2019-05-24,0.010766,0.002414,,,,
2019-05-28,-0.009725,-0.000503,,,,
2019-05-29,-0.006391,-0.016793,,,,
2019-05-30,0.003765,0.002853,,,,
2019-05-31,-0.009065,-0.006492,,,,
2019-06-03,0.005836,-0.003744,,,,
2019-06-04,0.011447,0.011828,,,,
2019-06-05,-0.00031,0.00965,,,,
2019-06-06,0.004032,0.007682,,,,
2019-06-07,0.012666,0.014317,,,,
2019-06-10,0.002746,0.008786,,,,
2019-06-11,0.00502,-0.003428,,,,
2019-06-12,-0.007416,-0.00337,,,,
2019-06-13,0.000915,0.002007,,,,
2019-06-14,-0.007313,-0.000211,,,,
2019-06-17,-0.020411,0.002777,,,,
2019-06-18,0.013317,0.010588,,,,
2019-06-19,0.006184,-0.00229,,,,
2019-06-20,0.008758,0.008171,,,,
2019-06-21,-0.004265,0.006311,,,,
2019-06-24,0.002142,-0.002091,,,,
2019-06-25,-0.005953,-0.006491,,,,
2019-06-26,0.001228,-0.003941,,,,
2019-06-27,0.002454,-0.000902,,,,
2019-06-28,0.005661,0.004724,,,,
2019-07-01,0.004716,0.010856,,,,
2019-07-02,0.002877,-0.000924,,,,
2019-07-03,0.006794,0.00914,,,,
2019-07-05,-0.007649,-0.003765,,,,
2019-07-08,-0.005743,-0.001124,,,,
2019-07-09,-0.004256,-6.8e-05,,,,
2019-07-10,0.003511,0.005523,,,,
2019-07-11,-0.000304,0.003594,,,,
2019-07-12,0.001217,0.002297,,,,
2019-07-15,0.000912,0.001483,,,,
2019-07-16,-0.0041,0.0,,,,
2019-07-17,-0.001372,-0.005587,,,,
2019-07-18,0.003053,-0.005923,,,,
2019-07-19,-0.002892,0.00732,,,,
2019-07-22,0.001069,-0.005949,,,,
2019-07-23,0.006252,0.003264,,,,
2019-07-24,0.000758,0.004541,,,,
2019-07-25,-0.010145,0.001552,,,,
2019-07-26,0.001989,0.004379,,,,
2019-07-29,0.002137,-0.000604,,,,
2019-07-30,-0.011578,-0.002014,,,,
2019-07-31,-0.006628,0.000471,,,,
2019-08-01,-0.002793,-0.000773,,,,
2019-08-02,-0.008869,-0.030206,,,,
2019-08-05,-0.024961,-0.01814,,,,
2019-08-06,0.006762,-0.006217,,,,
2019-08-07,0.003838,0.003484,,,,
2019-08-08,0.009718,0.021785,,,,
2019-08-09,-0.006942,-0.005859,,,,
2019-08-12,-0.007944,-0.004045,,,,
2019-08-13,0.009449,0.009244,,,,
2019-08-14,-0.027447,-0.017312,,,,
2019-08-15,0.003426,-0.007308,,,,
2019-08-16,0.012031,0.014439,,,,
2019-08-19,0.006104,0.014128,,,,
2019-08-20,-0.003353,-0.002835,,,,
2019-08-21,0.007049,0.003224,,,,
2019-08-22,-0.001909,-0.003559,,,,
2019-08-23,-0.012432,-0.013352,,,,
2019-08-27,0.007424,0.000316,,,,
2019-08-28,0.0,0.001792,,,,
2019-08-29,0.008651,0.01389,,,,
2019-08-30,0.003971,-0.000623,,,,
2019-09-03,-0.001898,-0.006058,,,,
2019-09-04,0.014107,0.010274,,,,
2019-09-05,0.005314,0.016582,,,,
2019-09-06,0.003265,6.8e-05,,,,
2019-09-09,0.002944,0.001255,,,,
2019-09-10,0.0017,-0.008331,,,,
2019-09-11,0.005553,0.010587,,,,
2019-09-12,0.005829,0.006894,,,,
2019-09-13,0.005643,0.000738,,,,
2019-09-16,-0.008948,-0.005399,,,,
2019-09-17,0.003367,0.000641,,,,
2019-09-18,-0.00122,-0.000607,,,,
2019-09-19,0.003359,0.00816,,,,
2019-09-20,-0.002283,-0.003378,,,,
2019-09-23,-0.002593,-0.005805,,,,
2019-09-24,-0.003823,-0.00054,,,,
2019-09-25,-0.002917,-0.00618,,,,
2019-09-26,0.003695,-0.001427,,,,
2019-09-27,-0.003375,0.005581,,,,
2019-09-30,0.003694,-0.002064,,,,
2019-10-01,-0.009814,-0.005155,,,,
2019-10-02,-0.020443,-0.026213,,,,
2019-10-03,0.00664,0.002135,,,,
2019-10-04,0.007853,0.015509,,,,
2019-10-07,-0.001247,0.006123,,,,
2019-10-08,-0.009362,-0.019111,,,,
2019-10-09,0.007245,0.005611,,,,
2019-10-10,0.007037,0.011507,,,,
2019-10-11,0.017857,0.015899,,,,
2019-10-14,-0.004119,-0.007319,,,,
2019-10-15,0.011642,0.00914,,,,
2019-10-16,0.001514,-0.002391,,,,
2019-10-17,0.002419,0.001924,,,,
2019-10-18,-0.000453,-0.001415,,,,
2019-10-21,0.005432,0.003913,,,,
2019-10-22,-0.002401,0.002487,,,,
2019-10-23,0.005416,-0.003385,,,,
2019-10-24,0.001796,0.003868,,,,
2019-10-25,0.001046,0.00459,,,,
2019-10-28,0.004476,0.004035,,,,
2019-10-29,-0.000297,0.002358,,,,
2019-10-30,0.00416,-0.002684,,,,
2019-10-31,-0.002368,-0.002957,,,,
2019-11-01,0.008899,0.010664,,,,
2019-11-04,0.005146,0.006892,,,,
2019-11-05,-0.001901,-0.001146,,,,
2019-11-06,-0.00044,-0.000557,,,,
2019-11-07,0.003079,0.006233,,,,
2019-11-08,-0.000585,-0.00326,,,,
2019-11-11,-0.001316,-0.000491,,,,
2019-11-12,0.000439,0.005988,,,,
2019-11-13,-0.003513,-0.002863,,,,
2019-11-14,-0.002791,-9.8e-05,,,,
2019-11-15,0.006334,0.008124,,,,
2019-11-18,0.001171,0.002104,,,,
2019-11-19,-0.001316,-0.000226,,,,
2019-11-20,-0.006295,-0.001421,,,,
2019-11-21,-0.001326,-0.005143,,,,
2019-11-22,0.002803,0.001203,,,,
2019-11-25,0.007943,0.008736,,,,
2019-11-26,-0.000584,0.00264,,,,
2019-11-27,0.002629,0.003115,,,,
2019-11-29,-0.006991,-0.000896,,,,
2019-12-02,-0.005133,-0.00974,,,,
2019-12-03,-0.003686,-0.01155,,,,
2019-12-04,0.009174,0.012995,,,,
2019-12-05,-0.001906,-0.00252,,,,
2019-12-06,0.009108,0.013087,,,,
2019-12-09,-0.005241,-0.001503,,,,
2019-12-10,0.000439,-0.001985,,,,
2019-12-11,0.005266,-0.00016,,,,
2019-12-12,0.006694,0.00751,,,,
2019-12-13,0.006938,0.000255,,,,
2019-12-16,-0.000574,0.011146,,,,
2019-12-17,-0.005745,-0.000882,,,,
2019-12-18,-0.0013,0.001356,,,,
2019-12-19,0.0,0.001574,,,,
2019-12-20,0.000723,0.007323,,,,
2019-12-23,0.00159,0.001186,,,,
2019-12-24,-0.00101,-3.1e-05,,,,
2019-12-27,0.006068,0.005423,,,,
2019-12-30,-0.007467,-0.007067,,,,
2019-12-31,0.00463,-9.4e-05,,,,
2020-01-02,0.010081,0.004465,,,,
2020-01-03,-0.012404,0.000995,,,,
2020-01-06,0.003898,-0.001521,,,,
2020-01-07,-0.002732,0.002395,,,,
2020-01-08,0.002884,0.001831,,,,
2020-01-09,0.0023,0.007773,,,,
2020-01-10,-0.00373,0.001076,,,,
2020-01-13,0.005184,0.000952,,,,
2020-01-14,0.001003,0.002453,,,,
2020-01-15,0.0,0.002967,,,,
2020-01-16,0.00415,0.002654,,,,
2020-01-17,0.002993,0.005324,,,,
2020-01-21,-0.007957,0.00115,,,,
2020-01-22,0.002005,0.001239,,,,
2020-01-23,-0.00243,-0.006701,,,,
2020-01-24,-0.004299,0.001793,,,,
2020-01-27,-0.020722,-0.020174,,,,
2020-01-28,0.009405,0.009629,,,,
2020-01-29,0.000146,0.00184,,,,
2020-01-30,-0.000873,-0.008632,,,,
2020-01-31,-0.0169,-0.005002,,,,
2020-02-03,0.002371,0.00422,,,,
2020-02-04,0.016706,0.015759,,,,
2020-02-05,0.009597,0.005506,,,,
2020-02-06,0.002737,0.00717,,,,
2020-02-07,-0.00948,-0.001682,,,,
2020-02-10,0.00203,-3e-05,,,,
2020-02-11,0.006802,0.007884,,,,
2020-02-12,0.00345,0.003971,,,,
2020-02-13,-0.007019,0.000624,,,,
2020-02-14,-0.001731,8.9e-05,,,,
2020-02-18,-0.006358,-0.005349,,,,
2020-02-19,0.003345,0.008664,,,,
2020-02-20,-0.005943,-0.012203,,,,
2020-02-21,-0.004666,-0.00054,,,,
2020-02-24,-0.039994,-0.030661,,,,
2020-02-25,-0.016481,-0.016342,,,,
2020-02-26,0.001241,-0.005727,,,,
2020-02-27,-0.029599,-0.037785,,,,
2020-02-28,-0.006068,-0.043215,,,,
2020-03-02,0.012853,0.032174,,,,
2020-03-03,-0.00809,0.012721,,,,
2020-03-04,0.029906,0.003551,,,,
2020-03-05,-0.026553,0.003736,,,,
2020-03-06,-0.014994,-0.038457,,,,
2020-03-09,-0.077571,-0.051097,,,,
2020-03-10,0.036868,-0.016494,,,,
2020-03-11,-0.050965,0.008076,,,,
2020-03-12,-0.109902,-0.093468,,,,
2020-03-13,0.060533,0.005295,,,,
2020-03-16,-0.103194,-0.005504,,,,
2020-03-17,0.048683,-0.007327,,,,
2020-03-18,-0.057275,-0.050702,,,,
2020-03-19,0.015562,0.007775,,,,
2020-03-20,-0.012385,-0.005367,,,,
2020-03-23,-0.01169,-0.059312,,,,
2020-03-24,0.084731,0.088102,,,,
2020-03-25,0.032514,0.031012,,,,
2020-03-26,0.044739,0.035951,,,,
2020-03-27,-0.028487,-0.016735,,,,
2020-03-30,0.020242,0.018823,,,,
2020-03-31,-0.008715,0.014242,,,,
2020-04-01,-0.044332,-0.050626,,,,
2020-04-02,0.019573,-4e-05,,,,
2020-04-03,-0.022845,-0.004757,,,,
2020-04-06,0.053045,0.045951,,,,
2020-04-07,0.005597,0.043702,,,,
2020-04-08,0.008163,-0.002134,,,,
2020-04-09,0.022635,0.026807,,,,
2020-04-14,0.008098,0.011096,,,,
2020-04-15,-0.031239,-0.015237,,,,
2020-04-16,0.000553,0.007357,,,,
2020-04-17,0.026519,0.016183,,,,
2020-04-20,-0.014891,0.0068,,,,
2020-04-21,-0.019486,-0.043603,,,,
2020-04-22,0.016902,0.020234,,,,
2020-04-23,-0.003105,0.014525,,,,
2020-04-24,0.011543,-0.011348,,,,
2020-04-27,0.013222,0.026853,,,,
2020-04-28,0.007508,0.002855,,,,
2020-04-29,0.025018,0.017813,,,,
2020-04-30,-0.020772,-0.006175,,,,
2020-05-01,-0.021743,-0.025367,,,,
2020-05-04,-0.000361,-0.007819,,,,
2020-05-05,0.001808,0.026162,,,,
2020-05-06,-0.006496,-0.008233,,,,
2020-05-07,0.015074,0.007953,,,,
2020-05-11,0.016103,0.011143,,,,
2020-05-12,-0.012678,0.001677,,,,
2020-05-13,-0.007669,-0.029895,,,,
2020-05-14,-0.009525,-0.012644,,,,
2020-05-15,0.000907,0.010308,,,,
2020-05-18,0.040428,0.043638,,,,
2020-05-19,-0.013765,0.001353,,,,
2020-05-20,0.020848,0.007061,,,,
2020-05-21,-0.011596,-0.01107,,,,
2020-05-22,-0.002802,-0.002612,,,,
2020-05-26,0.028622,0.023842,,,,
2020-05-27,0.01212,-0.005481,,,,
2020-05-28,0.009445,0.019373,,,,
2020-05-29,-0.003509,-0.011993,,,,
2020-06-01,0.022301,0.011707,,,,
2020-06-02,0.009349,0.004458,,,,
2020-06-03,0.023887,0.019451,,,,
2020-06-04,-0.004285,-0.001409,,,,
2020-06-05,0.017214,0.029526,,,,
2020-06-08,0.013005,-0.002616,,,,
2020-06-09,-0.012993,0.003528,,,,
2020-06-10,-0.002194,-0.006844,,,,
2020-06-11,-0.053557,-0.033424,,,,
2020-06-12,0.017259,-0.015232,,,,
2020-06-15,-0.009951,-0.006845,,,,
2020-06-16,0.012358,0.038372,,,,
2020-06-17,0.003743,-0.00134,,,,
2020-06-18,-0.005351,-0.003451,,,,
2020-06-19,-0.004891,0.006253,,,,
2020-06-22,0.011959,-0.010102,,,,
2020-06-23,0.005504,0.01616,,,,
2020-06-24,-0.0256,-0.030634,,,,
2020-06-25,0.01421,-0.005196,,,,
2020-06-26,-0.0145,-0.002957,,,,
2020-06-29,0.0081,0.003624,,,,
2020-06-30,-0.001804,0.012147,,,,
2020-07-01,0.003779,0.009958,,,,
2020-07-02,0.010966,0.011722,,,,
2020-07-06,0.016351,0.011936,,,,
2020-07-07,-0.014654,-0.000816,,,,
2020-07-08,0.008406,-0.010078,,,,
2020-07-09,-0.011382,-0.005265,,,,
2020-07-10,0.010702,0.010298,,,,
2020-07-13,-0.006417,0.022059,,,,
2020-07-14,0.014694,-0.019051,,,,
2020-07-15,0.011299,0.01728,,,,
2020-07-16,-0.006452,-0.005446,,,,
2020-07-17,0.00586,0.004138,,,,
2020-07-20,0.004881,0.005174,,,,
2020-07-21,0.002037,0.011744,,,,
2020-07-22,0.002658,-0.003351,,,,
2020-07-23,-0.007954,0.004218,,,,
2020-07-24,-0.005502,-0.016316,,,,
2020-07-27,0.01312,0.001021,,,,
2020-07-28,-0.006397,0.00405,,,,
2020-07-29,0.010521,0.002001,,,,
2020-07-30,-0.014763,-0.003349,,,,
2020-07-31,-0.021293,0.003669,,,,
2020-08-03,0.0195,0.015758,,,,
2020-08-04,0.005533,0.001633,,,,
2020-08-05,0.003301,0.008242,,,,
2020-08-06,0.001097,-0.001677,,,,
2020-08-07,-0.004069,0.007589,,,,
2020-08-10,0.0033,0.001072,,,,
2020-08-11,0.003603,0.007732,,,,
2020-08-12,0.022163,0.000679,,,,
2020-08-13,-0.004428,0.000914,,,,
2020-08-14,-0.006135,-0.001208,,,,
2020-08-17,0.007562,0.001681,,,,
2020-08-18,-0.000613,0.001649,,,,
2020-08-19,-0.004444,0.003557,,,,
2020-08-20,-0.003233,-0.006738,,,,
2020-08-21,-0.005097,0.003215,,,,
2020-08-24,0.013195,0.010055,,,,
2020-08-25,0.000613,0.003493,,,,
2020-08-26,0.005818,0.007106,,,,
2020-08-27,-0.0102,0.0108,,,,
2020-08-28,0.007075,2.9e-05,,,,
2020-09-01,-0.006567,0.004986,,,,
2020-09-02,0.013374,0.01083,,,,
2020-09-03,-0.022603,-0.021653,,,,
2020-09-04,0.001397,-0.028037,,,,
2020-09-08,-0.012244,-0.004955,,,,
2020-09-09,0.018673,0.013072,,,,
2020-09-10,-0.011707,0.000468,,,,
2020-09-11,0.009975,-0.015734,,,,
2020-09-14,0.005401,0.015065,,,,
2020-09-15,0.006447,0.005181,,,,
2020-09-16,0.0,0.001835,,,,
2020-09-17,0.001373,-0.016801,,,,
2020-09-18,-0.008072,-0.009165,,,,
2020-09-21,-0.025334,-0.030286,,,,
2020-09-22,-0.000315,0.013354,,,,
2020-09-23,-0.008352,0.005769,,,,
2020-09-24,-0.000953,-0.014763,,,,
2020-09-25,0.00334,0.006864,,,,
2020-09-28,0.01506,0.02523,,,,
2020-09-29,-0.001093,-0.002464,,,,
2020-09-30,-0.004847,0.010653,,,,
2020-10-01,0.005813,0.002827,,,,
2020-10-02,-0.002031,-0.009631,,,,
2020-10-05,0.015182,0.012333,,,,
2020-10-06,-0.010638,0.003192,,,,
2020-10-07,0.008571,0.000175,,,,
2020-10-08,0.006953,0.007151,,,,
2020-10-09,0.007826,0.011795,,,,
2020-10-12,0.005786,0.017214,,,,
2020-10-13,-0.011202,-0.000479,,,,
2020-10-14,-0.001684,-0.00493,,,,
2020-10-15,-0.011808,-0.012655,,,,
2020-10-16,0.004655,0.010323,,,,
2020-10-19,-0.003707,-0.008458,,,,
2020-10-20,0.004961,-0.008301,,,,
2020-10-21,-0.004782,0.000548,,,,
2020-10-22,0.000775,-0.003,,,,
2020-10-23,0.006506,0.005295,,,,
2020-10-26,-0.018006,-0.019341,,,,
2020-10-27,-0.007836,0.003551,,,,
2020-10-28,-0.029853,-0.028075,,,,
2020-10-29,0.004722,-0.000331,,,,
2020-10-30,-0.005186,-0.010565,,,,
2020-11-02,0.013031,0.01375,,,,
2020-11-03,0.02621,0.022986,,,,
2020-11-04,0.010968,0.024406,,,,
2020-11-05,0.024024,0.01426,,,,
2020-11-06,0.002119,-0.002852,,,,
2020-11-09,0.02915,0.029502,,,,
2020-11-10,0.008952,-0.020489,,,,
2020-11-11,0.008436,0.010164,,,,
2020-11-12,-0.014568,-0.003613,,,,
2020-11-13,0.015369,0.000446,,,,
2020-11-16,0.010379,0.017706,,,,
2020-11-17,-0.000999,-0.002767,,,,
2020-11-18,-0.005284,0.001071,,,,
2020-11-19,0.007035,-0.015616,,,,
2020-11-20,0.002994,0.00513,,,,
2020-11-23,-0.001279,-0.006213,,,,
2020-11-24,0.014944,0.020626,,,,
2020-11-25,-0.001262,-0.000738,,,,
2020-11-27,0.00688,0.004132,,,,
2020-11-30,-0.021754,-0.011147,,,,
2020-12-01,0.023521,0.019845,,,,
2020-12-02,0.000139,-0.002054,,,,
2020-12-03,0.001671,0.004468,,,,
2020-12-04,0.00848,0.003559,,,,
2020-12-07,-0.008133,0.000994,,,,
2020-12-08,0.003475,0.000617,,,,
2020-12-09,0.001385,-0.00118,,,,
2020-12-10,0.001383,-0.004807,,,,
2020-12-11,-0.003039,-0.00769,,,,
2020-12-14,-0.009005,0.007777,,,,
2020-12-15,0.010206,-0.00197,,,,
2020-12-16,0.003875,0.009652,,,,
2020-12-17,0.007031,0.003802,,,,
2020-12-18,-0.005202,-0.004508,,,,
2020-12-21,-0.012798,-0.010076,,,,
2020-12-22,-0.002509,0.006849,,,,
2020-12-23,0.01076,0.004382,,,,
2020-12-24,0.000415,-0.001445,,,,
2020-12-29,0.014649,0.012277,,,,
2020-12-30,0.001362,-0.000185,,,,
2020-12-31,-0.007617,-0.002119,,,,
2021-01-04,0.005208,-0.008069,,,,
2021-01-05,0.010363,0.002515,,,,
2021-01-06,0.011471,0.016122,,,,
2021-01-07,0.001067,0.008248,,,,
2021-01-08,0.00933,0.002449,,,,
2021-01-11,-0.013073,-0.000468,,,,
2021-01-12,0.004549,-0.002028,,,,
2021-01-13,-0.001332,0.002215,,,,
2021-01-14,0.008002,0.0013,,,,
2021-01-15,-0.015613,-0.010307,,,,
2021-01-19,0.007258,0.002125,,,,
2021-01-20,0.006805,0.014843,,,,
2021-01-21,0.000795,0.003121,,,,
2021-01-22,-0.004768,-0.002932,,,,
2021-01-25,-0.001198,-0.00374,,,,
2021-01-26,0.001466,0.007481,,,,
2021-01-27,-0.022881,-0.018064,,,,
2021-01-28,0.006399,0.007615,,,,
2021-01-29,-0.020698,-0.020802,,,,
2021-02-01,0.01188,0.006657,,,,
2021-02-02,0.010102,0.020866,,,,
2021-02-03,0.002433,-0.001574,,,,
2021-02-04,0.001079,0.006669,,,,
2021-02-05,0.006195,0.008242,,,,
2021-02-08,0.00696,0.002598,,,,
2021-02-09,0.00545,0.003353,,,,
2021-02-10,-0.003437,-0.000582,,,,
2021-02-11,0.006766,0.002964,,,,
2021-02-12,0.005534,0.001389,,,,
2021-02-16,0.007207,0.003178,,,,
2021-02-17,-0.005855,-0.006688,,,,
2021-02-18,-0.004973,-0.002455,,,,
2021-02-19,0.002894,0.007713,,,,
2021-02-22,-0.002492,-0.011079,,,,
2021-02-23,0.00092,-0.006391,,,,
2021-02-24,0.003153,0.011326,,,,
2021-02-25,-0.017022,-0.003573,,,,
2021-02-26,-0.01412,-0.012257,,,,
2021-03-01,0.018781,0.014262,,,,
2021-03-02,-0.001061,-0.005076,,,,
2021-03-03,-0.006107,-0.002857,,,,
2021-03-04,-0.009484,-0.010055,,,,
2021-03-05,0.006473,-0.022485,,,,
2021-03-08,-0.003484,0.034688,,,,
2021-03-09,0.013446,0.005238,,,,
2021-03-10,0.004246,0.002898,,,,
2021-03-11,0.005285,0.013788,,,,
2021-03-12,0.002497,-0.0071,,,,
2021-03-15,0.000787,0.004281,,,,
2021-03-16,0.001703,0.006945,,,,
2021-03-17,0.005885,-0.0061,,,,
2021-03-18,-0.0091,0.004284,,,,
2021-03-19,0.002755,-0.009729,,,,
2021-03-22,0.000916,0.005265,,,,
2021-03-23,-0.013856,-0.001529,,,,
2021-03-24,-0.005037,-0.000753,,,,
2021-03-25,0.007461,-0.010624,,,,
2021-03-26,0.012959,0.012591,,,,
2021-03-29,-0.003916,0.004111,,,,
2021-03-30,-0.001311,0.001074,,,,
2021-03-31,-0.004331,0.004963,,,,
2021-04-01,0.013049,0.006552,,,,
2021-04-06,0.003773,0.018788,,,,
2021-04-07,0.002074,-0.00121,,,,
2021-04-08,0.005691,0.003925,,,,
2021-04-09,0.003087,0.002969,,,,
2021-04-12,-0.005514,0.004067,,,,
2021-04-13,0.005802,0.003283,,,,
2021-04-14,0.000769,0.002532,,,,
2021-04-15,0.008326,0.003741,,,,
2021-04-16,0.007241,0.004416,,,,
2021-04-19,-0.001766,-0.003049,,,,
2021-04-20,-0.017941,-0.01055,,,,
2021-04-21,0.010292,0.008746,,,,
2021-04-22,-0.003311,0.005582,,,,
2021-04-23,0.010221,-0.001134,,,,
2021-04-26,0.000759,0.003784,,,,
2021-04-27,-0.003286,-0.001249,,,,
2021-04-28,0.002536,0.001203,,,,
2021-04-29,0.000379,0.00073,,,,
2021-04-30,-0.012516,-0.00226,,,,
2021-05-04,-0.003969,-0.010571,,,,
2021-05-05,0.013625,0.010183,,,,
2021-05-06,0.008242,-0.000732,,,,
2021-05-07,0.011319,0.014151,,,,
2021-05-10,-0.005348,-0.000815,,,,
2021-05-11,-0.013128,-0.01977,,,,
2021-05-12,-0.015964,-0.012748,,,,
2021-05-13,0.007468,0.0033,,,,
2021-05-14,0.016741,0.013543,,,,
2021-05-17,-0.001885,-0.002985,,,,
2021-05-18,0.002141,0.001735,,,,
2021-05-19,-0.008796,-0.017933,,,,
2021-05-20,0.013185,0.018743,,,,
2021-05-21,0.001376,0.003225,,,,
2021-05-24,0.006123,0.007137,,,,
2021-05-25,0.000248,-0.003262,,,,
2021-05-26,-0.000621,0.00153,,,,
2021-05-27,0.001864,0.00228,,,,
2021-05-28,0.002356,0.002275,,,,
2021-06-01,0.003588,-0.001474,,,,
2021-06-02,0.003328,0.002156,,,,
2021-06-03,-0.004915,-0.004326,,,,
2021-06-04,0.00852,0.006177,,,,
2021-06-07,0.003306,-0.000934,,,,
2021-06-08,-0.000488,-0.000421,,,,
2021-06-09,-0.002686,0.003319,,,,
2021-06-10,-0.010772,0.001561,,,,
2021-06-11,0.002351,0.000419,,,,
2021-06-14,0.001728,-0.000232,,,,
2021-06-15,0.001232,0.000977,,,,
2021-06-16,-0.006155,0.001394,,,,
2021-06-17,-0.006936,-0.00464,,,,
2021-06-18,-0.020703,-0.010978,,,,
2021-06-21,0.013118,0.008272,,,,
2021-06-22,0.000126,0.005914,,,,
2021-06-23,-0.00641,0.001301,,,,
2021-06-24,0.009614,0.004641,,,,
2021-06-25,0.00213,0.003557,,,,
2021-06-28,-0.006377,-0.000368,,,,
2021-06-29,0.000252,0.00426,,,,
2021-06-30,-0.007674,-0.000481,,,,
2021-07-01,0.002409,0.003578,,,,
2021-07-02,0.003415,0.006423,,,,
2021-07-06,-0.006554,-0.001908,,,,
2021-07-07,0.005455,0.004687,,,,
2021-07-08,-0.012871,-0.008063,,,,
2021-07-09,0.017001,0.011599,,,,
2021-07-12,0.004274,0.002957,,,,
2021-07-13,-0.005257,0.003668,,,,
2021-07-14,0.002265,-0.004305,,,,
2021-07-15,-0.009541,-0.001531,,,,
2021-07-16,-0.007351,-0.003563,,,,
2021-07-19,-0.018131,-0.019805,,,,
2021-07-20,0.007282,0.011223,,,,
2021-07-21,0.015234,0.008495,,,,
2021-07-22,0.000381,0.002128,,,,
2021-07-23,0.006991,0.010891,,,,
2021-07-26,0.001389,0.002883,,,,
2021-07-27,-0.004034,-0.00711,,,,
2021-07-28,0.004303,0.003973,,,,
2021-07-29,0.006931,0.004829,,,,
2021-07-30,-0.005131,-0.006208,,,,
2021-08-02,0.005032,0.004187,,,,
2021-08-03,0.007135,-0.004615,,,,
2021-08-04,-0.002983,0.002688,,,,
2021-08-05,0.004862,0.003731,,,,
2021-08-06,-0.003722,0.002582,,,,
2021-08-09,-0.000498,-0.000555,,,,
2021-08-10,0.002242,0.00151,,,,
2021-08-11,0.006837,0.000887,,,,
2021-08-12,-0.000864,0.001839,,,,
2021-08-13,0.006055,0.003871,,,,
2021-08-16,-0.005158,-0.003107,,,,
2021-08-17,-0.009383,0.000332,,,,
2021-08-18,-0.003863,-0.002408,,,,
2021-08-19,-0.009884,-0.009523,,,,
2021-08-20,0.003917,0.008251,,,,
2021-08-23,0.009314,0.011133,,,,
2021-08-24,0.00212,0.000483,,,,
2021-08-25,0.000373,0.002368,,,,
2021-08-26,-0.005225,-0.003368,,,,
2021-08-27,0.009128,0.005179,,,,
2021-08-31,-0.000743,0.005829,,,,
2021-09-01,0.009053,0.000369,,,,
2021-09-02,0.004055,0.002408,,,,
2021-09-03,0.004529,-0.001623,,,,
2021-09-07,0.000731,-0.003274,,,,
2021-09-08,-0.007914,-0.003872,,,,
2021-09-09,-0.001718,0.003035,,,,
2021-09-10,-0.002213,-0.00664,,,,
2021-09-13,0.007886,-0.004339,,,,
2021-09-14,-0.004157,-0.001189,,,,
2021-09-15,0.002946,-0.000926,,,,
2021-09-16,-0.001591,-0.000574,,,,
2021-09-17,-0.013118,-0.002538,,,,
2021-09-20,-0.018509,-0.018785,,,,
2021-09-21,0.009872,0.004059,,,,
2021-09-22,0.005013,0.006199,,,,
2021-09-23,0.010849,0.01116,,,,
2021-09-24,-0.009376,-0.001854,,,,
2021-09-27,-0.000623,0.00146,,,,
2021-09-28,-0.021807,-0.019256,,,,
2021-09-29,-0.002293,0.002274,,,,
2021-09-30,-0.003958,-0.005661,,,,
2021-10-01,0.002436,-0.004744,,,,
2021-10-04,-0.010486,-0.009807,,,,
2021-10-05,0.006849,0.018432,,,,
2021-10-06,-0.006674,-0.013124,,,,
2021-10-07,0.007753,0.027737,,,,
2021-10-08,-0.000128,-0.005282,,,,
2021-10-11,-0.003206,0.001986,,,,
2021-10-12,0.000515,-0.012114,,,,
2021-10-13,0.009901,-0.004012,,,,
2021-10-14,0.009931,0.020187,,,,
2021-10-15,0.008321,0.009118,,,,
2021-10-18,-0.004251,0.003319,,,,
2021-10-19,0.006027,0.006989,,,,
2021-10-20,0.003495,0.004917,,,,
2021-10-21,-0.004726,-0.001494,,,,
2021-10-22,0.005999,0.001279,,,,
2021-10-25,-0.001988,0.006215,,,,
2021-10-26,0.001992,0.005768,,,,
2021-10-27,-0.003975,-0.002739,,,,
2021-10-28,0.009728,0.003326,,,,
2021-10-29,-0.005805,0.001369,,,,
2021-11-01,0.009691,0.002819,,,,
2021-11-02,-0.002092,0.004856,,,,
2021-11-03,0.008138,-0.000721,,,,
2021-11-04,-0.000612,0.009184,,,,
2021-11-05,0.001469,0.008176,,,,
2021-11-08,-0.000122,-0.001084,,,,
2021-11-09,-0.0022,-0.004278,,,,
2021-11-10,-0.012126,-0.000356,,,,
2021-11-11,0.003596,-0.00478,,,,
2021-11-12,0.005436,0.005077,,,,
2021-11-15,-0.001843,0.001782,,,,
2021-11-16,-0.002216,0.004247,,,,
2021-11-17,-0.001234,-0.003063,,,,
2021-11-18,0.000988,0.000794,,,,
2021-11-19,-0.008515,0.002569,,,,
2021-11-22,-0.00585,0.004936,,,,
2021-11-23,-0.001002,-0.013058,,,,
2021-11-24,-0.006642,0.004179,,,,
2021-11-26,-0.026874,-0.019889,,,,
2021-11-29,0.005056,0.010114,,,,
2021-11-30,-0.008772,-0.011935,,,,
2021-12-01,-0.005726,0.013726,,,,
2021-12-02,0.012435,-0.020246,,,,
2021-12-03,-0.004137,-0.00282,,,,
2021-12-06,0.009607,0.009412,,,,
2021-12-07,0.021088,0.022668,,,,
2021-12-08,0.001889,-0.001547,,,,
2021-12-09,-0.008296,0.002053,,,,
2021-12-10,0.002155,-0.001484,,,,
2021-12-13,-0.026306,-0.001591,,,,
2021-12-14,-0.005325,-0.011887,,,,
2021-12-15,0.013581,-0.000827,,,,
2021-12-16,0.000129,0.019579,,,,
2021-12-17,-0.012624,-0.013038,,,,
2021-12-20,-0.002218,-0.023424,,,,
2021-12-21,0.011114,0.015385,,,,
2021-12-22,0.009311,0.017429,,,,
2021-12-23,0.005894,0.00981,,,,
2021-12-29,0.00777,0.011454,,,,
2021-12-30,-0.004676,0.003993,,,,
2021-12-31,-0.000889,-0.005976,,,,
2022-01-04,0.012201,0.003817,,,,
2022-01-05,-0.00879,-0.000981,,,,
2022-01-06,-0.005067,-0.017434,,,,
2022-01-07,0.002928,-0.004811,,,,
2022-01-10,-0.009267,-0.014795,,,,
2022-01-11,0.010892,0.015059,,,,
2022-01-12,0.00976,0.009646,,,,
2022-01-13,-0.007281,-2.1e-05,,,,
2022-01-14,-0.001012,-0.018529,,,,
2022-01-18,-0.014684,-0.01153,,,,
2022-01-19,-0.000899,-0.003375,,,,
2022-01-20,-0.004886,0.006259,,,,
2022-01-21,-0.013568,-0.024625,,,,
2022-01-24,-0.009955,-0.043527,,,,
2022-01-25,-0.006086,0.009042,,,,
2022-01-26,-0.003861,0.022358,,,,
2022-01-27,-0.004677,-0.00394,,,,
2022-01-28,0.003357,-0.009422,,,,
2022-01-31,0.014586,0.023263,,,,
2022-02-01,0.009496,0.011685,,,,
2022-02-02,0.007447,0.007975,,,,
2022-02-03,-0.015822,-0.006041,,,,
2022-02-04,0.002372,-0.010058,,,,
2022-02-07,0.001709,0.004348,,,,
2022-02-08,0.005118,0.002393,,,,
2022-02-09,0.01619,0.014823,,,,
2022-02-10,-0.01272,-0.004534,,,,
2022-02-11,-0.015096,-0.014136,,,,
2022-02-14,-0.006475,-0.017868,,,,
2022-02-15,0.018353,0.013113,,,,
2022-02-16,0.003787,-0.005431,,,,
2022-02-17,-0.016133,-0.00403,,,,
2022-02-18,-0.004232,-0.015034,,,,
2022-02-22,-0.011687,-0.006801,,,,
2022-02-23,-0.008197,-0.010667,,,,
2022-02-24,-0.013413,-0.021587,,,,
2022-02-25,0.024993,0.041862,,,,
2022-02-28,-0.019025,0.004347,,,,
2022-03-01,-0.021852,-0.013789,,,,
2022-03-02,0.012566,0.01448,,,,
2022-03-03,-0.019719,-0.004326,,,,
2022-03-04,-0.028977,-0.016239,,,,
2022-03-07,-0.031725,-0.008083,,,,
2022-03-08,0.008677,-0.021186,,,,
2022-03-09,0.041827,0.024717,,,,
2022-03-10,-0.011959,-0.013319,,,,
2022-03-11,-0.010807,0.008118,,,,
2022-03-14,0.009177,-0.010859,,,,
2022-03-15,0.009527,0.01049,,,,
2022-03-16,0.035888,0.020993,,,,
2022-03-17,0.00842,0.010528,,,,
2022-03-18,0.009718,0.01207,,,,
2022-03-21,-0.006236,0.005864,,,,
2022-03-22,0.009412,0.009687,,,,
2022-03-23,-0.012973,-0.002887,,,,
2022-03-24,0.00931,-0.000348,,,,
2022-03-25,0.000543,0.007077,,,,
2022-03-28,-0.003254,0.003243,,,,
2022-03-29,0.022171,0.017738,,,,
2022-03-30,-0.004125,-0.000275,,,,
2022-03-31,-0.016569,-0.004046,,,,
2022-04-01,0.009375,-0.013804,,,,
2022-04-04,0.004038,0.008346,,,,
2022-04-05,-0.013541,-0.000278,,,,
2022-04-06,-0.01196,-0.021672,,,,
2022-04-07,0.002201,-0.001421,,,,
2022-04-08,0.000412,0.011585,,,,
2022-04-11,-0.010564,-0.015738,,,,
2022-04-12,-0.007488,0.004509,,,,
2022-04-13,0.010757,-0.006525,,,,
2022-04-14,-0.004561,0.000331,,,,
2022-04-19,-0.001111,0.003966,,,,
2022-04-20,0.006672,0.004938,,,,
2022-04-21,-0.01077,0.00131,,,,
2022-04-22,-0.016332,-0.031688,,,,
2022-04-25,-0.004825,-0.025811,,,,
2022-04-26,-0.027948,-0.000555,,,,
2022-04-27,0.004548,-0.000509,,,,
2022-04-28,0.014165,0.001643,,,,
2022-04-29,-0.011663,0.000508,,,,
2022-05-03,0.004953,-0.007875,,,,
2022-05-04,0.017541,-0.00966,,,,
2022-05-05,-0.032198,0.00228,,,,
2022-05-06,-0.009716,-0.007809,,,,
2022-05-09,-0.030177,-0.027086,,,,
2022-05-10,0.007511,-0.009547,,,,
2022-05-11,-0.005933,0.013319,,,,
2022-05-12,-0.002449,-0.025416,,,,
2022-05-13,0.027769,0.024191,,,,
2022-05-16,0.000896,-0.00565,,,,
2022-05-17,0.018643,0.016291,,,,
2022-05-18,-0.023865,-0.020517,,,,
2022-05-19,0.0096,-0.015851,,,,
2022-05-20,0.006834,-0.010655,,,,
2022-05-23,0.016969,0.025414,,,,
2022-05-24,-0.001596,-0.021766,,,,
2022-05-25,0.000291,0.017459,,,,
2022-05-26,0.011042,0.022805,,,,
2022-05-27,0.012071,0.020007,,,,
2022-05-31,-0.005963,-0.00078,,,,
2022-06-01,-0.01057,-0.007497,,,,
2022-06-06,0.01025,0.011057,,,,
2022-06-07,0.003001,-0.003535,,,,
2022-06-08,-0.013962,0.008798,,,,
2022-06-09,-0.04219,-0.015263,,,,
2022-06-10,-0.024136,-0.045404,,,,
2022-06-13,-0.033081,-0.032623,,,,
2022-06-14,-0.009432,-0.007941,,,,
2022-06-15,0.018722,0.00551,,,,
2022-06-16,-0.022022,-0.0252,,,,
2022-06-17,-0.00405,0.000795,,,,
2022-06-21,0.015127,0.025195,,,,
2022-06-22,-0.00673,0.005091,,,,
2022-06-23,-0.001129,-0.002648,,,,
2022-06-24,0.029877,0.027765,,,,
2022-06-27,-0.004234,0.009306,,,,
2022-06-28,-0.006772,-0.010637,,,,
2022-06-29,-0.003805,-0.014846,,,,
2022-06-30,-0.005411,-0.00946,,,,
2022-07-01,0.0024,0.000875,,,,
2022-07-05,-0.021392,-0.008384,,,,
2022-07-06,0.000816,0.016781,,,,
2022-07-07,0.015159,0.018672,,,,
2022-07-08,0.001124,0.007888,,,,
2022-07-11,-0.016199,-0.014311,,,,
2022-07-12,-0.000163,0.000227,,,,
2022-07-13,-0.000489,-0.016077,,,,
2022-07-14,-0.014029,-0.013292,,,,
2022-07-15,0.015884,0.0285,,,,
2022-07-18,0.004072,0.008934,,,,
2022-07-19,0.027251,0.005428,,,,
2022-07-20,-0.006632,0.014106,,,,
2022-07-21,0.010332,0.000932,,,,
2022-07-22,-0.002517,0.000882,,,,
2022-07-25,0.007729,-0.000612,,,,
2022-07-26,-0.01393,-0.011247,,,,
2022-07-27,0.023651,0.012416,,,,
2022-07-28,0.005117,0.018236,,,,
2022-07-29,0.013885,0.012404,,,,
2022-08-01,0.001369,0.009403,,,,
2022-08-02,-0.015955,-0.005599,,,,
2022-08-03,0.005868,0.006482,,,,
2022-08-04,0.005066,0.001833,,,,
2022-08-05,-0.007026,-0.0061,,,,
2022-08-08,0.002307,0.011566,,,,
2022-08-09,-0.005371,-0.009964,,,,
2022-08-10,0.022527,0.018785,,,,
2022-08-11,-0.000302,0.006941,,,,
2022-08-12,0.007698,0.002987,,,,
2022-08-15,-0.005992,0.007101,,,,
2022-08-16,-0.000301,0.006414,,,,
2022-08-17,-0.007989,-0.007549,,,,
2022-08-18,-0.003343,0.003416,,,,
2022-08-19,-0.013722,-0.012437,,,,
2022-08-22,-0.017004,-0.016041,,,,
2022-08-23,0.000472,-0.005559,,,,
2022-08-24,0.001257,0.003171,,,,
2022-08-25,0.010989,0.003114,,,,
2022-08-26,-0.026242,-0.010456,,,,
2022-08-30,-0.009408,-0.029176,,,,
2022-08-31,-0.006761,-0.004033,,,,
2022-09-01,-0.013452,-0.014734,,,,
2022-09-02,-0.006571,0.022852,,,,
2022-09-06,-0.002481,-0.019437,,,,
2022-09-07,0.008786,0.001654,,,,
2022-09-08,0.000657,0.01698,,,,
2022-09-09,0.025456,0.013255,,,,
2022-09-12,0.013933,0.013201,,,,
2022-09-13,-0.03475,-0.031346,,,,
2022-09-14,0.003273,-0.009674,,,,
2022-09-15,-0.008808,-0.006324,,,,
2022-09-16,-0.006089,-0.016987,,,,
2022-09-20,-0.013576,0.002393,,,,
2022-09-21,-0.013092,0.003795,,,,
2022-09-22,-0.002891,-0.029842,,,,
2022-09-23,-0.031895,-0.018115,,,,
2022-09-26,-0.014799,-0.00452,,,,
2022-09-27,-0.006795,-0.001373,,,,
2022-09-28,0.024127,0.003992,,,,
2022-09-29,-0.011779,-0.011112,,,,
2022-09-30,-0.003558,0.005938,,,,
2022-10-03,0.019818,-0.001006,,,,
2022-10-04,0.040091,0.033227,,,,
2022-10-05,-0.010604,-0.011463,,,,
2022-10-06,-0.017523,0.007964,,,,
2022-10-07,-0.015931,-0.027256,,,,
2022-10-10,-0.005631,-0.013573,,,,
2022-10-11,-0.010971,-0.001717,,,,
2022-10-12,-0.003221,-0.00403,,,,
2022-10-13,0.020643,0.006232,,,,
2022-10-14,-0.014949,0.001153,,,,
2022-10-17,0.024638,0.014648,,,,
2022-10-18,0.007144,0.006572,,,,
2022-10-19,-0.012284,0.001468,,,,
2022-10-20,-0.002277,0.004058,,,,
2022-10-21,0.018083,-0.005789,,,,
2022-10-24,0.000172,0.02156,,,,
2022-10-25,0.022069,0.018486,,,,
2022-10-26,0.009447,0.009579,,,,
2022-10-27,-0.009358,-0.01211,,,,
2022-10-28,0.009953,0.007203,,,,
2022-10-31,-0.009354,0.002811,,,,
2022-11-01,0.007924,-0.004479,,,,
2022-11-02,-0.014553,-0.007239,,,,
2022-11-03,-0.008488,-0.02332,,,,
2022-11-04,0.040062,-0.000622,,,,
2022-11-07,0.003128,0.014112,,,,
2022-11-08,0.011323,0.017804,,,,
2022-11-09,-0.013954,-0.014552,,,,
2022-11-10,0.056113,0.032313,,,,
2022-11-11,0.019944,0.00835,,,,
2022-11-14,-0.010541,0.008894,,,,
2022-11-15,0.006639,0.008548,,,,
2022-11-16,-0.002301,-0.01281,,,,
2022-11-17,-0.000461,-0.012049,,,,
2022-11-18,0.001999,0.010147,,,,
2022-11-21,-0.007521,-0.005108,,,,
2022-11-22,0.013919,0.009286,,,,
2022-11-23,0.010982,0.012024,,,,
2022-11-25,0.00513,0.000794,,,,
2022-11-28,-0.012909,-0.009517,,,,
2022-11-29,0.002889,-0.010773,,,,
2022-11-30,0.017741,0.002943,,,,
2022-12-01,0.009684,0.029689,,,,
2022-12-02,-0.000738,-0.005201,,,,
2022-12-05,-0.013142,-0.007783,,,,
2022-12-06,-0.004489,-0.015544,,,,
2022-12-07,0.0,-0.007699,,,,
2022-12-08,0.005111,0.007783,,,,
2022-12-09,0.000598,0.003324,,,,
2022-12-12,0.002989,-0.005091,,,,
2022-12-13,0.010133,0.027007,,,,
2022-12-14,-0.000885,-0.002313,,,,
2022-12-15,-0.025543,-0.036537,,,,
2022-12-16,-0.008788,-0.013691,,,,
2022-12-19,-0.002446,-0.005407,,,,
2022-12-20,0.003984,-0.002908,,,,
2022-12-21,0.010379,0.018713,,,,
2022-12-22,-0.008157,-0.01944,,,,
2022-12-23,0.003503,0.006549,,,,
2022-12-28,-0.009106,-0.007087,,,,
2022-12-29,0.015776,0.011684,,,,
2022-12-30,-0.010253,-0.005574,,,,
2023-01-03,0.008836,-0.00457,,,,
2023-01-04,0.013289,0.014051,,,,
2023-01-05,-0.009985,-0.014807,,,,
2023-01-06,0.025591,0.017365,,,,
2023-01-09,0.004257,0.018591,,,,
2023-01-10,0.002923,-0.01296,,,,
2023-01-11,0.007578,0.012385,,,,
2023-01-12,0.014753,0.006203,,,,
2023-01-13,0.005274,0.000707,,,,
2023-01-17,0.003119,0.00616,,,,
2023-01-18,-0.003534,-0.008107,,,,
2023-01-19,-0.00156,-0.017614,,,,
2023-01-20,0.008808,0.011647,,,,
2023-01-23,0.004084,0.022462,,,,
2023-01-24,-0.001262,-0.002137,,,,
2023-01-25,0.0066,-0.010009,,,,
2023-01-26,0.000837,0.012492,,,,
2023-01-27,-0.001951,0.01121,,,,
2023-01-30,-0.006425,-0.005958,,,,
2023-01-31,0.005763,-7.2e-05,,,,
2023-02-01,0.008945,0.005349,,,,
2023-02-02,-0.001385,0.029242,,,,
2023-02-03,-0.009294,-0.000946,,,,
2023-02-06,-0.010221,-0.014207,,,,
2023-02-07,0.008488,-0.001406,,,,
2023-02-08,-0.006172,0.00054,,,,
2023-02-09,0.001835,0.002299,,,,
2023-02-10,-0.004368,-0.011677,,,,
2023-02-13,0.010047,0.011436,,,,
2023-02-14,0.001821,-0.005595,,,,
2023-02-15,-0.004475,0.006215,,,,
2023-02-16,-0.004917,-0.000725,,,,
2023-02-17,0.002541,-0.016506,,,,
2023-02-21,-0.010983,-0.009261,,,,
2023-02-22,-0.005552,-0.003676,,,,
2023-02-23,0.005154,-0.003015,,,,
2023-02-24,-0.016664,-0.006677,,,,
2023-02-27,0.011877,0.005796,,,,
2023-02-28,-0.0073,4.8e-05,,,,
2023-03-01,0.005335,-0.008159,,,,
2023-03-02,0.002008,-0.002124,,,,
2023-03-03,0.014601,0.018983,,,,
2023-03-06,-0.00254,0.013564,,,,
2023-03-07,-0.01669,-0.015964,,,,
2023-03-08,0.005466,-0.005584,,,,
2023-03-09,-0.007296,0.003631,,,,
2023-03-10,-0.010664,-0.015797,,,,
2023-03-13,-0.006846,-0.015658,,,,
2023-03-14,0.013347,0.013667,,,,
2023-03-15,-0.030974,-0.017854,,,,
2023-03-16,0.015534,0.020879,,,,
2023-03-17,-0.011913,-0.002106,,,,
2023-03-20,0.01563,0.002405,,,,
2023-03-21,0.015096,0.012243,,,,
2023-03-22,-0.003465,0.003508,,,,
2023-03-23,0.000145,-0.000988,,,,
2023-03-24,-0.003042,-0.01274,,,,
2023-03-27,0.009445,0.010778,,,,
2023-03-28,0.000432,-0.002587,,,,
2023-03-29,0.012086,0.009382,,,,
2023-03-30,0.011658,0.009223,,,,
2023-03-31,0.005059,0.008758,,,,
2023-04-03,0.00797,0.005992,,,,
2023-04-04,0.000139,-0.001102,,,,
2023-04-05,-0.006935,-0.003897,,,,
2023-04-06,0.004749,-0.000141,,,,
2023-04-11,0.002641,0.006506,,,,
2023-04-12,0.006377,-0.000632,,,,
2023-04-13,0.012812,0.002648,,,,
2023-04-14,-0.00408,0.002922,,,,
2023-04-17,-0.001776,0.000186,,,,
2023-04-18,0.005473,0.004777,,,,
2023-04-19,-0.00313,-0.001809,,,,
2023-04-20,0.0,-0.002741,,,,
2023-04-21,0.00505,-0.000513,,,,
2023-04-24,0.002581,-0.000676,,,,
2023-04-25,-0.013953,-0.005341,,,,
2023-04-26,-0.000687,-0.004619,,,,
2023-04-27,0.01251,0.003298,,,,
2023-04-28,-0.000407,0.013219,,,,
2023-05-02,-0.011546,-0.014228,,,,
2023-05-03,0.002611,0.006653,,,,
2023-05-04,-0.002056,-0.014409,,,,
2023-05-05,0.014696,0.015069,,,,
2023-05-09,-0.00379,0.001214,,,,
2023-05-10,-0.002038,0.001212,,,,
2023-05-11,-0.002451,-0.000862,,,,
2023-05-12,-0.001774,-0.002494,,,,
2023-05-15,0.007657,0.002547,,,,
2023-05-16,-0.009498,-0.001072,,,,
2023-05-17,0.004657,0.001236,,,,
2023-05-18,-0.0015,0.012862,,,,
2023-05-19,0.005872,0.002922,,,,
2023-05-22,0.000271,0.002156,,,,
2023-05-23,-0.014658,-0.003845,,,,
2023-05-24,-0.014601,-0.0159,,,,
2023-05-25,-0.001398,0.005113,,,,
2023-05-26,0.009798,0.01345,,,,
2023-05-30,-0.010119,0.004195,,,,
2023-05-31,-0.010363,-0.009838,,,,
2023-06-01,0.014858,0.009405,,,,
2023-06-02,0.012967,0.016694,,,,
2023-06-05,-0.005781,0.003706,,,,
2023-06-06,0.008307,-0.003402,,,,
2023-06-07,-0.026637,0.001235,,,,
2023-06-08,0.01058,0.000359,,,,
2023-06-09,-0.001675,0.003744,,,,
2023-06-12,0.004335,0.002926,,,,
2023-06-13,0.009467,0.01265,,,,
2023-06-14,0.003724,0.004794,,,,
2023-06-15,0.01058,0.00464,,,,
2023-06-16,-0.002175,0.004074,,,,
2023-06-20,-0.013217,-0.010567,,,,
2023-06-21,0.001519,-0.001732,,,,
2023-06-22,-0.006204,-0.000483,,,,
2023-06-23,-0.015538,-0.00466,,,,
2023-06-26,0.001268,-0.000596,,,,
2023-06-27,0.008726,0.002453,,,,
2023-06-28,0.000698,0.005488,,,,
2023-06-29,-0.001394,0.002565,,,,
2023-06-30,0.012287,0.011129,,,,
2023-07-03,-0.001103,0.002941,,,,
2023-07-05,-0.011185,0.000367,,,,
2023-07-06,-0.017316,-0.013751,,,,
2023-07-07,0.007532,0.005463,,,,
2023-07-10,0.002821,-0.002695,,,,
2023-07-11,0.009001,0.003465,,,,
2023-07-12,0.019097,0.013726,,,,
2023-07-13,0.016003,0.003214,,,,
2023-07-14,-0.005654,0.005937,,,,
2023-07-17,-0.001219,-0.000276,,,,
2023-07-18,0.006507,0.003865,,,,
2023-07-19,-0.000539,0.008461,,,,
2023-07-20,-0.005121,-0.004384,,,,
2023-07-21,0.002032,-0.000464,,,,
2023-07-24,-0.002433,0.000569,,,,
2023-07-25,0.001084,0.002549,,,,
2023-07-26,0.002707,-0.001723,,,,
2023-07-27,-0.002295,0.007556,,,,
2023-07-28,0.007171,-0.001233,,,,
2023-07-31,0.000269,-0.00046,,,,
2023-08-01,-0.01249,-0.002134,,,,
2023-08-02,-0.018632,-0.010276,,,,
2023-08-03,-0.002772,-0.004725,,,,
2023-08-04,0.002779,0.00479,,,,
2023-08-07,0.008453,-0.006547,,,,
2023-08-08,-0.006046,-0.005396,,,,
2023-08-09,-0.000277,0.000708,,,,
2023-08-10,0.004287,0.006236,,,,
2023-08-11,-0.006748,-0.01069,,,,
2023-08-14,-0.004436,0.005618,,,,
2023-08-15,-0.012394,-0.004452,,,,
2023-08-16,-0.008178,-0.003268,,,,
2023-08-17,-0.007108,-0.009189,,,,
2023-08-18,0.0,-0.009187,,,,
2023-08-21,0.003723,0.002219,,,,
2023-08-22,-0.001854,0.007345,,,,
2023-08-23,0.010862,0.005702,,,,
2023-08-24,-0.013714,-0.004783,,,,
2023-08-25,0.006737,-0.004762,,,,
2023-08-29,0.023067,0.021915,,,,
2023-08-30,-0.000557,0.007312,,,,
2023-08-31,-0.003899,0.001974,,,,
2023-09-01,-0.000559,-0.001568,,,,
2023-09-05,-0.008672,-0.001315,,,,
2023-09-06,-0.002117,-0.010283,,,,
2023-09-07,-0.003252,-0.001545,,,,
2023-09-08,-0.001419,0.003956,,,,
2023-09-11,0.010371,0.000728,,,,
2023-09-12,-0.004078,-0.000321,,,,
2023-09-13,-0.003106,0.001049,,,,
2023-09-14,0.013171,0.005046,,,,
2023-09-15,-0.002237,-0.00768,,,,
2023-09-18,-0.003502,-0.000579,,,,
2023-09-19,0.000844,-0.007637,,,,
2023-09-20,-0.002388,0.005686,,,,
2023-09-21,-0.016615,-0.020786,,,,
2023-09-22,0.000859,-0.000922,,,,
2023-09-25,-0.004435,-0.006394,,,,
2023-09-26,-0.012933,-0.009376,,,,
2023-09-27,-0.001893,-0.002701,,,,
2023-09-28,0.008168,0.006267,,,,
2023-09-29,-0.002894,0.002647,,,,
2023-10-02,-0.014655,-0.003838,,,,
2023-10-03,-0.012517,-0.016525,,,,
2023-10-04,0.001789,0.00385,,,,
2023-10-05,0.008782,-0.002053,,,,
2023-10-06,0.011067,0.01146,,,,
2023-10-09,-0.001459,0.005028,,,,
2023-10-10,0.013739,0.018034,,,,
2023-10-11,0.004181,-0.004543,,,,
2023-10-12,-0.008327,0.003774,,,,
2023-10-13,-0.009266,-0.008766,,,,
2023-10-16,0.007307,0.009042,,,,
2023-10-17,0.00058,0.000415,,,,
2023-10-18,-0.017399,-0.008061,,,,
2023-10-19,-0.008853,-0.005616,,,,
2023-10-20,-0.008933,-0.019269,,,,
2023-10-23,0.000751,0.000678,,,,
2023-10-24,0.005704,0.001196,,,,
2023-10-25,-0.007164,-0.00568,,,,
2023-10-26,-0.007216,-0.014282,,,,
2023-10-27,-0.003029,-0.00299,,,,
2023-10-30,0.012758,0.001061,,,,
2023-10-31,0.003599,0.005646,,,,
2023-11-01,0.009414,0.009692,,,,
2023-11-02,0.020429,0.021332,,,,
2023-11-03,0.010591,0.015309,,,,
2023-11-06,-0.005024,-0.0007,,,,
2023-11-07,-0.00606,0.00438,,,,
2023-11-08,-0.001306,-0.001526,,,,
2023-11-09,-0.000145,0.002446,,,,
2023-11-10,0.004506,-0.00268,,,,
2023-11-13,0.002605,0.009174,,,,
2023-11-14,0.025549,0.019891,,,,
2023-11-15,-0.001548,0.002971,,,,
2023-11-16,-0.000705,-0.005248,,,,
2023-11-17,0.013542,0.003616,,,,
2023-11-20,0.003758,0.006295,,,,
2023-11-21,-0.003883,-0.000295,,,,
2023-11-22,0.002366,0.00474,,,,
2023-11-24,0.007638,0.00021,,,,
2023-11-27,-0.003445,-0.000252,,,,
2023-11-28,0.000277,0.003145,,,,
2023-11-29,0.002074,-0.002258,,,,
2023-11-30,-0.000828,-0.002032,,,,
2023-12-01,0.010494,0.0076,,,,
2023-12-04,-0.007789,-0.006021,,,,
2023-12-05,-0.003581,0.003773,,,,
2023-12-06,0.003041,-0.001587,,,,
2023-12-07,0.004823,0.003577,,,,
2023-12-08,0.003017,0.002501,,,,
2023-12-11,0.002461,0.002973,,,,
2023-12-12,0.001773,0.005472,,,,
2023-12-13,0.014568,0.00501,,,,
2023-12-14,0.007381,0.014851,,,,
2023-12-15,-0.009724,0.000728,,,,
2023-12-18,0.002421,0.003797,,,,
2023-12-19,0.008454,0.004266,,,,
2023-12-20,-0.022355,0.001362,,,,
2023-12-21,0.016197,-0.006823,,,,
2023-12-22,0.000938,0.003143,,,,
2023-12-27,0.009902,0.005623,,,,
2023-12-28,-0.00265,0.002436,,,,
2023-12-29,0.001063,8e-05,,,,
